{"app":["/app-b2325f4ccaf335ba01fd.js"],"component---src-pages-404-tsx":["/component---src-pages-404-tsx-960885dcf60028fa1b15.js"],"component---src-pages-about-tsx":["/component---src-pages-about-tsx-e72d38d282ab013fea5c.js"],"component---src-pages-education-tsx":["/component---src-pages-education-tsx-e2c9e72169f0cb19d8da.js"],"component---src-pages-experiences-tsx":["/component---src-pages-experiences-tsx-962fd51ac85ff5e44df3.js"],"component---src-pages-index-tsx":["/component---src-pages-index-tsx-a04c01353f38bf6c7878.js"],"component---src-pages-interests-tsx":["/component---src-pages-interests-tsx-0fb3bf0340f8b5558037.js"],"component---src-pages-skills-tsx":["/component---src-pages-skills-tsx-2b2af10ace054d10694d.js"]}