{"errors":[],"warnings":[],"namedChunkGroups":{"app":{"chunks":[12,11,3],"assets":["webpack-runtime-8ab8e08397b1ec278f98.js","webpack-runtime-8ab8e08397b1ec278f98.js.map","framework-a664bcaf9ba5ea30c3df.js","framework-a664bcaf9ba5ea30c3df.js.map","app-b2325f4ccaf335ba01fd.js","app-b2325f4ccaf335ba01fd.js.map"],"children":{},"childAssets":{}},"component---src-pages-404-tsx":{"chunks":[1,0,4],"assets":["styles.e761b8163b5306e89622.css","styles-48fa8a050a65bb8447bd.js","styles-48fa8a050a65bb8447bd.js.map","commons-a712fb102dff33c6935e.js","commons-a712fb102dff33c6935e.js.map","component---src-pages-404-tsx-960885dcf60028fa1b15.js","component---src-pages-404-tsx-960885dcf60028fa1b15.js.map"],"children":{},"childAssets":{}},"component---src-pages-about-tsx":{"chunks":[1,0,5],"assets":["styles.e761b8163b5306e89622.css","styles-48fa8a050a65bb8447bd.js","styles-48fa8a050a65bb8447bd.js.map","commons-a712fb102dff33c6935e.js","commons-a712fb102dff33c6935e.js.map","component---src-pages-about-tsx-e72d38d282ab013fea5c.js","component---src-pages-about-tsx-e72d38d282ab013fea5c.js.map"],"children":{},"childAssets":{}},"component---src-pages-education-tsx":{"chunks":[1,0,2,6],"assets":["styles.e761b8163b5306e89622.css","styles-48fa8a050a65bb8447bd.js","styles-48fa8a050a65bb8447bd.js.map","commons-a712fb102dff33c6935e.js","commons-a712fb102dff33c6935e.js.map","24f14e7808b498c63bcc7f8a6840ae2bf4060ad8-a2487356b05057d2bad3.js","24f14e7808b498c63bcc7f8a6840ae2bf4060ad8-a2487356b05057d2bad3.js.map","component---src-pages-education-tsx-e2c9e72169f0cb19d8da.js","component---src-pages-education-tsx-e2c9e72169f0cb19d8da.js.map"],"children":{},"childAssets":{}},"component---src-pages-experiences-tsx":{"chunks":[1,0,2,7],"assets":["styles.e761b8163b5306e89622.css","styles-48fa8a050a65bb8447bd.js","styles-48fa8a050a65bb8447bd.js.map","commons-a712fb102dff33c6935e.js","commons-a712fb102dff33c6935e.js.map","24f14e7808b498c63bcc7f8a6840ae2bf4060ad8-a2487356b05057d2bad3.js","24f14e7808b498c63bcc7f8a6840ae2bf4060ad8-a2487356b05057d2bad3.js.map","component---src-pages-experiences-tsx-962fd51ac85ff5e44df3.js","component---src-pages-experiences-tsx-962fd51ac85ff5e44df3.js.map"],"children":{},"childAssets":{}},"component---src-pages-index-tsx":{"chunks":[1,0,8],"assets":["styles.e761b8163b5306e89622.css","styles-48fa8a050a65bb8447bd.js","styles-48fa8a050a65bb8447bd.js.map","commons-a712fb102dff33c6935e.js","commons-a712fb102dff33c6935e.js.map","component---src-pages-index-tsx-a04c01353f38bf6c7878.js","component---src-pages-index-tsx-a04c01353f38bf6c7878.js.map"],"children":{},"childAssets":{}},"component---src-pages-interests-tsx":{"chunks":[1,0,9],"assets":["styles.e761b8163b5306e89622.css","styles-48fa8a050a65bb8447bd.js","styles-48fa8a050a65bb8447bd.js.map","commons-a712fb102dff33c6935e.js","commons-a712fb102dff33c6935e.js.map","component---src-pages-interests-tsx-0fb3bf0340f8b5558037.js","component---src-pages-interests-tsx-0fb3bf0340f8b5558037.js.map"],"children":{},"childAssets":{}},"component---src-pages-skills-tsx":{"chunks":[1,0,10],"assets":["styles.e761b8163b5306e89622.css","styles-48fa8a050a65bb8447bd.js","styles-48fa8a050a65bb8447bd.js.map","commons-a712fb102dff33c6935e.js","commons-a712fb102dff33c6935e.js.map","component---src-pages-skills-tsx-2b2af10ace054d10694d.js","component---src-pages-skills-tsx-2b2af10ace054d10694d.js.map"],"children":{},"childAssets":{}}},"assetsByChunkName":{"app":["webpack-runtime-8ab8e08397b1ec278f98.js","framework-a664bcaf9ba5ea30c3df.js","app-b2325f4ccaf335ba01fd.js"],"component---src-pages-404-tsx":["styles.e761b8163b5306e89622.css","styles-48fa8a050a65bb8447bd.js","commons-a712fb102dff33c6935e.js","component---src-pages-404-tsx-960885dcf60028fa1b15.js"],"component---src-pages-about-tsx":["styles.e761b8163b5306e89622.css","styles-48fa8a050a65bb8447bd.js","commons-a712fb102dff33c6935e.js","component---src-pages-about-tsx-e72d38d282ab013fea5c.js"],"component---src-pages-education-tsx":["styles.e761b8163b5306e89622.css","styles-48fa8a050a65bb8447bd.js","commons-a712fb102dff33c6935e.js","24f14e7808b498c63bcc7f8a6840ae2bf4060ad8-a2487356b05057d2bad3.js","component---src-pages-education-tsx-e2c9e72169f0cb19d8da.js"],"component---src-pages-experiences-tsx":["styles.e761b8163b5306e89622.css","styles-48fa8a050a65bb8447bd.js","commons-a712fb102dff33c6935e.js","24f14e7808b498c63bcc7f8a6840ae2bf4060ad8-a2487356b05057d2bad3.js","component---src-pages-experiences-tsx-962fd51ac85ff5e44df3.js"],"component---src-pages-index-tsx":["styles.e761b8163b5306e89622.css","styles-48fa8a050a65bb8447bd.js","commons-a712fb102dff33c6935e.js","component---src-pages-index-tsx-a04c01353f38bf6c7878.js"],"component---src-pages-interests-tsx":["styles.e761b8163b5306e89622.css","styles-48fa8a050a65bb8447bd.js","commons-a712fb102dff33c6935e.js","component---src-pages-interests-tsx-0fb3bf0340f8b5558037.js"],"component---src-pages-skills-tsx":["styles.e761b8163b5306e89622.css","styles-48fa8a050a65bb8447bd.js","commons-a712fb102dff33c6935e.js","component---src-pages-skills-tsx-2b2af10ace054d10694d.js"]}}